cores,time,speedup
1.000000000000000000e+00,1.869738101959228516e+00,1.000000000000000000e+00
2.000000000000000000e+00,2.984770059585571289e+00,6.264261784436545577e-01
4.000000000000000000e+00,3.046409845352172852e+00,6.137513325109025253e-01
8.000000000000000000e+00,3.858481168746948242e+00,4.845787811804795897e-01
